[
    {
        "module": {
            "name": "christmas_orchestrator",
            "path": "run.py",
            "class": "ChristmasOrchestrator",
            "description": "Orchestrator for coordinating research and letter writing agents",
            "parameters": "None",
            "module_type": "orchestrator",
            "module_url": "None",
            "module_version": "v0.1",
            "module_entrypoint": "run.py",
            "execution_type": "package"
        },
        "node": {
            "ip": "node.naptha.ai"
        }
    }
]